user_name,user_location,user_description,user_created,user_followers,user_friends,user_favourites,user_verified,date,text,source,is_retweet,cleaned_text,sentiment_label,sentiment_score
the _ûndër-ratèd niggáh👊🏾,,"@ManUtd die hard❤️❤️💪🏿💪🏿


YOLO


J'ai besoin de quelqu'un qui peut m'aimer au pire🤗
Non, je ne suis pas parfait, mais j'espère que tu vois ma valeur🤞🏾",2019-09-06 19:24:57+00:00,581,1035,8922,False,2021-10-06 12:05:38+00:00,"When life hits and the same time poverty strikes you
Gong Yoo : Lets play a game
#SquidGame #Netflix https://t.co/Cx7ifmZ8cN",Twitter for Android,False,life hit time poverty strike gong yoo let play game squidgame netflix,Negative,-0.34
Best uncle on planet earth,,,2013-05-08 19:35:26+00:00,741,730,8432,False,2021-10-06 12:05:22+00:00,That marble episode of #SquidGame  ruined me. 😭😭😭,Twitter for Android,False,marble episode squidgame ruined,Negative,-0.4767
marcie,,animal crossing. chicken nuggets. baby yoda. smol animals. tv shows. 🏳️‍🌈 pronouns: any,2009-02-21 10:31:30+00:00,562,1197,62732,False,2021-10-06 12:05:22+00:00,#Squidgame time,Twitter Web App,False,squidgame time,Neutral,0.0
YoMo.Mdp,Any pronouns ,"Where the heck is the karma
I'm going on my school grave brb
#Technosupport",2021-02-14 13:21:22+00:00,3,277,1341,False,2021-10-06 12:05:04+00:00,"//Blood on 1st slide
I'm joining the squidgame thing, I'm already dead by sugar honeycomb ofc

#SquidGame… https://t.co/N4UGv9hxx8",Twitter Web App,False,blood st slide im joining squidgame thing im already dead sugar honeycomb ofc squidgame,Negative,-0.6486
Laura Reactions,France,I talk and I make reactions videos about shows I love #theexpanse #peakyblinders #thelastkingdom #lacasadepapel #atla #theboys #thewitcher,2018-12-19 20:38:28+00:00,330,152,2278,False,2021-10-06 12:05:00+00:00,"The two first games, players were killed by the mask guys ; the bloody night and the third game, they killed each o… https://t.co/Qf057XDJ7C",Twitter Web App,False,two first game player killed mask guy bloody night third game killed,Negative,-0.9169
Peyman 🅚🅐🅘,United Kingdom,"Official @KardiaChain $KAI Ambassador
Marketing Advisor @kephigallery
Graphics and Film Artist https://t.co/OsTOSEKrHt",2018-01-27 12:07:31+00:00,546,318,6265,False,2021-10-06 12:04:54+00:00,"$THG
Going to explode to 4B Marketcap very soon.
The world first MOBA
This game is on another level!
@KardiaChain… https://t.co/4Y2bO088JM",Twitter for Android,False,thg going explode b marketcap soon world first moba game another level,Neutral,0.0
Aeriaaaa♡,,Fujoshi 🙈/ Thai BL-obsessed/Always distracted by poetry 🌸/ CAP ♑🐐,2021-06-01 14:08:10+00:00,14,110,518,False,2021-10-06 12:04:45+00:00,"@B_hundred_Hyun pls use that gun on me. 😩

#BAEKHYUN #EXO #weareoneEXO #SquidGame https://t.co/kskiH0GRHn",Twitter for Android,False,pls use gun baekhyun exo weareoneexo squidgame,Negative,-0.2732
BarBiE Fábregas 🇿🇦,South Africa,Legal Administrator👩🏾‍💻|Soccer Fanatic⚽️ #DailySoccerPollWithAngela,2011-03-28 18:56:28+00:00,1877,2057,33186,False,2021-10-06 12:04:26+00:00,"Please vote in my daily poll.
Thanks. 😊

Do you think Donny van de Beek should leave Manchester United?
Yes OR No?… https://t.co/9CnadB5iYo",Twitter for iPhone,False,please vote daily poll thanks think donny van de beek leave manchester united yes,Positive,0.8591
Joel D. Parker,,"Ph.D. in history of 20th century Levant. Sometimes tweet on topics outside my field. Twitter is okay. Lots of other things are better. So I try to do them, too.",2010-07-01 07:26:44+00:00,621,1346,5345,False,2021-10-06 12:04:22+00:00,"I've seen bi-lingual Korean speakers slam the #SquidGame translation, but I could feel the quality of the writing d… https://t.co/CyqOXHb1kK",Twitter Web App,False,ive seen bilingual korean speaker slam squidgame translation could feel quality writing,Negative,-0.3818
Kevin Franco,"Calgary, Canada","When it comes to describing myself in a one line bio, I always seem to use too many words, this time though, I will abide by the character count and tell you ab",2009-05-11 20:14:51+00:00,1027,278,20902,False,2021-10-06 12:04:10+00:00,I discovered English audio after 5 episodes of Squid Game in Korean with subtitles. I'm used to watching foreign fi… https://t.co/5oMJ0KBXqL,Twitter Web App,False,discovered english audio episode squid game korean subtitle im used watching foreign fi,Neutral,0.0
TreasureTress,London,"THE Monthly Product Discovery Box for Kinky Curly Hair 💁🏾 The hunt for the best products for #naturalhair, is over! Subscribe now!",2014-06-20 11:35:56+00:00,1934,406,2159,False,2021-10-06 12:03:56+00:00,The struggle is VERY real 👀 #SquidGame https://t.co/I92JG4ol4x,Twitter Web App,False,struggle real squidgame,Negative,-0.3182
soph 🍁,arlor • ddgc ,"18 they/them/他 chinese lesbian | #1 figayda stan (probably) | d20, les mis, batfam | matching with @gaIactics",2016-12-17 03:49:20+00:00,371,368,6415,False,2021-10-06 12:03:34+00:00,"— squid game (2021): deaths and foreshadowing 🦑

// MAJOR SPOILERS! cw blood , gore
#squidgame https://t.co/xJVUDW1zAl",Twitter for iPhone,False,squid game death foreshadowing major spoiler cw blood gore squidgame,Negative,-0.5994
Aliyah 🌤,,22 | here for the after-party,2019-12-20 06:13:15+00:00,30,11,4952,False,2021-10-06 12:03:19+00:00,"friendship gone wrong. friendship break-ups hurt the most. 😭
#SquidGame
#SquidGames https://t.co/kq2y3x6hKz",Twitter Web App,False,friendship gone wrong friendship breakup hurt squidgame squidgames,Negative,-0.1779
Mega Visions,,The world's first indie physical SEGA-focused retro magazine! We ship worldwide! Subscribe at https://t.co/8JNcHKpYb2,2008-05-28 10:57:13+00:00,16613,484,9036,False,2021-10-06 12:03:03+00:00,"That's definitely the first thing I saw - Who's seen #SquidGame so far? Happy Wednesday!

Via… https://t.co/JMC6cvy4uw",Buffer,False,thats definitely first thing saw who seen squidgame far happy wednesday via,Positive,0.7506
Yemzxy,"Lagos, Nigeria",Am special because am a triplet,2021-06-11 16:47:29+00:00,39,160,12,False,2021-10-06 12:02:57+00:00,"The saga continues
Get data cheap  @honourworldng
Message us on https://t.co/0ehyV9EP4w
#twitch #SquidGame #2baba… https://t.co/ASDjPpp2EH",Twitter for Android,False,saga continues get data cheap message u twitch squidgame baba,Neutral,0.0
kim joo ryoung pics,fan acc | she/her🦑,one and only. —for actress #김주령♡,2021-10-03 06:38:41+00:00,698,25,226,False,2021-10-06 12:02:52+00:00,naur she's just purely a cutie&lt;333  #squidgame #김주령 https://t.co/TlgYJasUBE,Twitter Web App,False,naur shes purely cutielt squidgame,Neutral,0.0
Geriatrixx,Montreal,"Born of a Jackal on the 6th of June 1966, I'm out to prove that Music is the Answer, Love is the Question",2009-08-26 18:51:47+00:00,234,574,3893,False,2021-10-06 12:02:52+00:00,"Dunno what everyone's going crazy about #SquidGame could of been an email IMO
#Netflix Bring Back #BlackMirror",Twitter for Android,False,dunno everyones going crazy squidgame could email imo netflix bring back blackmirror,Negative,-0.34
Movielovers/Tvlovers Unite,,"We are movie and television fans, Movie news, reviews and Top 10's",2016-01-07 21:56:01+00:00,405,555,1452,False,2021-10-06 12:02:45+00:00,I finally finished #SquidGame last night and that plot twist at the end was something that I didn’t see coming. Thi… https://t.co/YW9Z4bt5TK,Twitter for iPhone,False,finally finished squidgame last night plot twist end something didnt see coming thi,Neutral,0.0
Monkey Magic,uk,"People that think asking questions is negative confuse me.

#odx #ncyt #abdx #arb #accustem held, trade various.",2010-10-10 19:08:09+00:00,229,485,3013,False,2021-10-06 12:02:24+00:00,"#SquidGame

In the tug of war game, everyone was chained to the rope except the old man.  Missed that first time around.

#clues",Twitter for Android,False,squidgame tug war game everyone chained rope except old man missed first time around clue,Negative,-0.7269
Samaanslife (⧖) 🇲🇻🇺🇸🇵🇸,"K.HulhuMalé,Maldives 🇲🇻","19 | He/Him | 📸 | 🇲🇻🇺🇸🇵🇸 Independent Activist | Muslim | @minivanvayaa , Qalam & Moon MV | #Anitwt #ATLA ○△□ | Inspired By : @DanishZehenDMG | #PLM",2019-02-07 08:30:44+00:00,825,2477,87081,False,2021-10-06 12:02:12+00:00,Dalgona Candy Lover!  #NewProfilePic #SquidGame https://t.co/KinF4bqeNG,Twitter for iPhone,False,dalgona candy lover newprofilepic squidgame,Positive,0.5859
sara,,she/her,2021-09-18 21:09:16+00:00,8,43,514,False,2021-10-06 12:02:00+00:00,"favs💕
#SquidGame https://t.co/FPYQkTfEZ7",Twitter for iPhone,False,favs squidgame,Neutral,0.0
🕊ora⁷,➳ 별처럼 너의 하늘에 머물고 싶었어 하루를 그 순간을,⠀⠀⠀⠀☽ #TAEHYUNG: love all seven or perish ⠀⠀⠀⠀ ⠀⠀⠀⠀ ⠀⠀⠀⠀ ⠀ ⠀✩ she/her 21 uk ⠀⠀ ⠀⠀ ⠀⠀⠀⠀ ⠀⠀ ⠀⠀⠀⠀ ⠀ ⠀☼ bts fa - do not repost or sell,2017-11-15 05:33:48+00:00,7329,3464,15685,False,2021-10-06 12:01:55+00:00,couldn't resist sketching the loml #SquidGame https://t.co/vT503rfCkT,Twitter for iPad,False,couldnt resist sketching loml squidgame,Neutral,0.0
Pirate_Jail 🎥😎🏴󠁧󠁢󠁳󠁣󠁴󠁿🎩,"#DTLA , Street Runner Films ","RN/BSN/CLE :Pediatric/Diabetes Educator, Masters psychology, Author,stand-up artist,photojournalist ,A USA ARMY Vet @thelastpirateLA. 😎 Thanking God Everyday",2015-10-07 00:51:48+00:00,594,609,466,False,2021-10-06 12:01:47+00:00,I talk to the people I love😂🤣🤣😂😂😂😂 save your mystery cause it's a red light green light  #SquidGame  #WhatsApp… https://t.co/i65OerPfjf,Twitter for iPhone,False,talk people love save mystery cause red light green light squidgame whatsapp,Positive,0.8126
Gaziantep 724 Haber,,,2016-03-08 22:02:28+00:00,353,0,253,False,2021-10-06 12:01:43+00:00,"TWİTCH HACKLANDİ.
https://t.co/QBG1JlwAiU
#twitch #twitchtv #dax18 #SquidGame https://t.co/CyvfLLkodq",Twitter for Android,False,twtch hackland twitch twitchtv dax squidgame,Neutral,0.0
CampbellFUT,,,2020-05-23 08:06:40+00:00,122,474,1327,False,2021-10-06 12:01:39+00:00,"Just finished squid game and honestly it’s ok but I found it quite predictable.🤷‍♂️
#SquidGame",Twitter for iPhone,False,finished squid game honestly ok found quite predictable squidgame,Positive,0.6369
dredriven83➡️#NYCC,"Brooklyn, NY","I'm considered a geek bc of my love for all things superhero, a movie buff and all around cool guy! freelance assistant to @ODParlayHour",2018-09-20 13:31:20+00:00,416,3028,31239,False,2021-10-06 12:01:32+00:00,What wait there's a dub version for #SquidGame ? and I been watching this show reading the subtitles 4 no reason! S… https://t.co/O1PpMPy8IO,Twitter for Android,False,wait there dub version squidgame watching show reading subtitle reason,Neutral,0.0
EarlyGame,Germany,Own Your Game,2019-11-13 14:56:55+00:00,49381,153,963,False,2021-10-06 12:01:25+00:00,Season 2? 😂 @Xbox #SquidGame https://t.co/OoAAie9EaW,PromoRepublic,False,season squidgame,Neutral,0.0
Anne LaVampyre,NYC,Feminist Analysis of Sailor Moon and more! https://t.co/dtdmBPRkEh,2013-07-07 23:11:24+00:00,2795,1424,73827,False,2021-10-06 12:01:14+00:00,I’m really thrilled for Korea. If you would have told me in 2002 that one day Korean music and tv would dominate gl… https://t.co/lAM0xK9LyH,Twitter for iPhone,False,im really thrilled korea would told one day korean music tv would dominate gl,Positive,0.6115
𝑀𝓈.𝒴𝑜𝑜𝓃,Indonesia,"If you feel down, look up. Count 1-3 and you will be gwenchana💜// APP PREMIUM DM AJA ^^ //fast resp 081318296123",2018-12-27 09:38:06+00:00,214,200,17991,False,2021-10-06 12:01:13+00:00,"let's str3am your fav idol songs with apps premium by me
INDONESIA
100% TRUSTED
FAST RESP WA DI BIO

#netflix… https://t.co/hj2iQ5VRxW",Twitter Web App,False,let stram fav idol song apps premium indonesia trusted fast resp wa di bio netflix,Positive,0.7269
Reinhard Omukuba,Nairobi,Founder @UbunifuCollege & @CiafuMotors. Software Engineer. AI/ML tutor @UbunifuCollege. Former Humanitarian. Toxic elitist. Husband & dad,2014-03-02 18:09:11+00:00,800,93,3780,False,2021-10-06 12:01:08+00:00,"Cyber security “experts” be like: “I’m a cyber security expert except in areas where I’m not” 😂😂😂😂

#SquidGame https://t.co/JjTPJ82VUj",Twitter for iPhone,False,cyber security expert like im cyber security expert except area im squidgame,Positive,0.743
bona_nft,,"I'm bored of this world.
Any interesting thing?
#NFT #NFTartist",2021-09-28 05:52:23+00:00,8,45,0,False,2021-10-06 12:00:47+00:00,This world is boring. I wanna play #SquidGame,Twitter for iPhone,False,world boring wanna play squidgame,Neutral,0.0258
Charlie,United Kingdom,"Aspiring Youtuber/Content creator.
Disclaimer: Charlogical is a Brand
The content posted is reviewed and published by the Charlogical Team
Team@charlogical.com",2020-02-07 22:43:29+00:00,24,47,463,False,2021-10-06 12:00:26+00:00,"I Didn't mean to push her off - Squid Game Roblox https://t.co/J6olOsZMj5 @youtube @YouTubeGaming @roblox

#roblox… https://t.co/oE9P1UU2iE",Twitter Web App,False,didnt mean push squid game roblox roblox,Neutral,0.0
Tali 🐋,Antarctica,She/her | 18 | 🌱 vegan: follow me before I die of a nutrient deficiency,2018-08-28 19:13:01+00:00,470,487,14638,False,2021-10-06 12:00:19+00:00,Most unrealistic thing about squid game is that his phone battery lasted for like a week #SquidGame,Twitter for iPhone,False,unrealistic thing squid game phone battery lasted like week squidgame,Positive,0.3612
J ✨ new art 🎨,🇵🇭,18 💎 | ⚠️ do not repost/use/sell without my permission | seventeen enhypen treasure fan arts,2021-04-04 08:34:16+00:00,65,54,104,False,2021-10-06 12:00:07+00:00,"""Ladies and gentlemen... Her""

Here's a chibi art of Kang Saebyeok from Squid Game! 🦑🎮 I really love the show plus… https://t.co/dPwYZbGI9J",Twitter for Android,False,lady gentleman here chibi art kang saebyeok squid game really love show plus,Positive,0.6697
DHL Express Malaysia,Malaysia,"Global delivery specialists, helping businesses to grow globally through international trade. Follow us for export, import, ecommerce, and business advice.",2019-11-01 04:33:31+00:00,792,70,453,False,2021-10-06 12:00:02+00:00,"Can you win this game?😎 Challenge accepted!

#SquidGame #squidgamenetflix #dhlexpress #malaysia #Netflix #southkorea https://t.co/OGQ70mWij8",Twitter Web App,False,win game challenge accepted squidgame squidgamenetflix dhlexpress malaysia netflix southkorea,Positive,0.7351
Netflix Malaysia,Malaysia,"Bunyi tu #TUDUM, ya 😁",2015-12-03 19:16:33+00:00,176192,79,4517,True,2021-10-06 12:00:02+00:00,Just gonna leave these on ‘seen’ kot 😅 #YOU #SexEducation #Lucifer #SquidGame https://t.co/0jINojDKVI,Twitter Web App,False,gonna leave seen kot sexeducation lucifer squidgame,Negative,-0.0516
Aimless.Artiste,"Lyon, France","Insta @aimless.artiste 💜 Illustration, Fanart 🔥Comission Open 📬 Msg me",2017-08-13 18:20:17+00:00,1689,1710,2213,False,2021-10-06 12:00:02+00:00,Illustration #fanart of #squidgame of #HoyeonJung - #Saebyeok I'm in love 💙 https://t.co/x9ixUx2HEI,Twitter Web App,False,illustration fanart squidgame hoyeonjung saebyeok im love,Positive,0.6369
SILCREEK REALTORS,"Mombasa, Kenya","R.O.I, Building consultancy, selling, leasing, and property management services for residential and commercial properties in Coastal Area that suit our clients.",2020-08-24 12:03:43+00:00,379,367,4551,False,2021-10-06 12:00:01+00:00,"Thank you for giving us the opportunity to serve you with the expertise you can trust
#HappyCustomerServiceWeek… https://t.co/4C5XXJ2ckp",Twitter Web App,False,thank giving u opportunity serve expertise trust happycustomerserviceweek,Positive,0.875
Finder,"Sydney, Australia","Millions of Australians trust Finder to save them time and money. We can help you too. Compare more. Find better.

#MakeBetterDecisions",2009-04-25 07:06:51+00:00,3918,2052,5187,False,2021-10-06 12:00:01+00:00,#SquidGame is on track to become @netflix's greatest success and is already having an impact on a number of #stocks. https://t.co/ZidVwK5ftw,Twitter Web App,False,squidgame track become greatest success already impact number stock,Positive,0.8481
Srinivas Kumar,"Chennai, India 🇮🇳",|| Q.A 🧑🏻‍💻 || @FCBarcelona & @ChennaiIPL Fanatic 🥳 || The One With #Hope🧘🏻‍♂️||,2010-12-28 06:27:05+00:00,177,124,7295,False,2021-10-06 11:59:53+00:00,"Esp that ""Tug Of War"" Episode brilliant writing and screenplay 😍😍😍 #SquidGame https://t.co/iWYQOrVerm",Twitter for Android,False,esp tug war episode brilliant writing screenplay squidgame,Neutral,-0.0258
Malcolm Scott,"Ocean Grove, Victoria","Live on Wadawurrung country that has never been ceded, interests include ATSI health, headspace, AOD, HIV, ABI, Recovery, Counselling & Youth",2009-08-31 15:12:20+00:00,995,4498,75425,False,2021-10-06 11:59:49+00:00,@Kathryn_Fisk Just watched last episode of Animal Kingdom S5 on Netflix - #SquidGame next 👍,Twitter for iPad,False,watched last episode animal kingdom netflix squidgame next,Neutral,0.0
M ⁶ // IA,inactive,"if it's not him, it's not anyone. // he follows. 🤍",2012-07-20 15:44:08+00:00,3783,4768,23676,False,2021-10-06 11:59:29+00:00,no because im traumatized #SquidGame,Twitter for Android,False,im traumatized squidgame,Negative,-0.4019
Dori 💜💛,,always disgusted (she/her)☀️♍️↗️♐️🌙♌️ #BlackLivesMatter,2018-06-18 12:35:17+00:00,119,114,50176,False,2021-10-06 11:59:19+00:00,I’m on episode 5 and I feel like I missed what’s going on with this doctor #SquidGame,Twitter for iPhone,False,im episode feel like missed whats going doctor squidgame,Positive,0.0772
Digital Disco,,"In-Depth Business Stories & Analysis on the Tech, Media, & Telecom Sectors.

Click link in Bio for More!",2021-04-04 20:58:42+00:00,11,77,107,False,2021-10-06 11:59:08+00:00,@CNBCFastMoney this is exactly what we talk about in our latest article on #SquidGame. it's a home run for @netflix… https://t.co/ij3T5wwE2N,Twitter Web App,False,exactly talk latest article squidgame home run,Neutral,0.0
Brian Vaxter,Chicago (west town),"Hip Hopper, MC, DJ, Actor, Go-Ill citizen, Felicia's man, Comic Nerd, martial arts enthusiast. For DJ Mixes, Music and booking https://t.co/mVjci0bbkn",2008-12-24 14:36:59+00:00,1838,1714,34995,False,2021-10-06 11:59:04+00:00,Just watched the first episode of #SquidGame 😳 https://t.co/TYUHleD66W,Twitter for iPhone,False,watched first episode squidgame,Neutral,0.0
αhmεd,"Cairo , Egypt / North Sinai","Senior Petroleum Engineer , 32 , Leo , ahlawy",2019-06-27 13:26:45+00:00,157,192,463,False,2021-10-06 11:58:53+00:00,overrated #SquidGame,Twitter Web App,False,overrated squidgame,Neutral,0.0
X♥️O,,,2020-03-28 19:00:25+00:00,17,26,1053,False,2021-10-06 11:58:51+00:00,Not impressed by #SquidGame finale tbh 😐 https://t.co/0UufSNbQ16,Twitter for Android,False,impressed squidgame finale tbh,Positive,0.4767
MyMasqueBar - Self-Care is the Best Care,United States,We are everything masks. Tag #MyMasqueBar to be featured. 🐇Cruelty-Free. Shop⬇️ our collection of skincare goodies.,2013-09-26 15:47:33+00:00,561,700,900,False,2021-10-06 11:58:50+00:00,"Will Masque Bar pass the #SquidGame ?!

https://t.co/y4DivaVhQV",Twitter Web App,False,masque bar pas squidgame,Neutral,0.0
JKammy,"Cape Town, South Africa",New account,2021-10-01 10:32:15+00:00,46,196,0,False,2021-10-06 11:58:47+00:00,"Not them crying bathi bazobhatala😂🤣
#SquidGame",Twitter for iPhone,False,cry bathi bazobhatala squidgame,Negative,-0.4767
David Kappel,South Africa,@iDiskiTimes | former @soccer_laduma international editor I former @sportCIES / @FIFA #sportmanagement student I @bayer04fussball💪 Views are my own!,2013-01-22 20:06:38+00:00,14837,2873,12819,False,2021-10-06 11:58:33+00:00,So who has watch #SquidGame already?,TweetDeck,False,watch squidgame already,Neutral,0.0
Darian Yelland,,,2016-03-12 06:51:36+00:00,44,70,123,False,2021-10-06 11:58:03+00:00,"Definitely 4 square, tether ball, red light green light, plz add more if y’all have ideas #SquidGame https://t.co/lHPhZRYfBW",Twitter for iPhone,False,definitely square tether ball red light green light plz add yall idea squidgame,Positive,0.4588
𝘁𝗿𝗶𝘇៹⁷🐝 | 📖: jjk & tokyorev,"— 𝐬𝐞𝐫𝐞𝐧𝐝𝐢𝐩𝐢𝐭𝐲 ; it is to smile by accident, it is to stumble in a happy moment .  .  .  is to find a love to call mine.     ",⠀⠀⠀⠀⠀⠀  ، 𝗌𝗁𝖾!𝗁𝖾𝗋 | @yoongi my favorite boy ♥︎  ㅤㅤㅤㅤㅤㅤㅤ,2019-03-12 13:03:05+00:00,9128,10043,75681,False,2021-10-06 11:57:35+00:00,#SQUIDGAME: favs &lt;3 https://t.co/jalz8Gy9RA,Twitter for Android,False,squidgame favs lt,Neutral,0.0
Mike Hauser,,"Work: Digital marketing Play: Golf, Craft Beer, Hawthorn AFL, travel. Views are my own.",2008-01-09 11:05:33+00:00,1245,726,6520,False,2021-10-06 11:57:25+00:00,"Just watched first episode of Squid Game - It's a knockout and Survivor meet Hunger games and Parasite , I'm hooked… https://t.co/x2NsG1GPwu",Twitter for Android,False,watched first episode squid game knockout survivor meet hunger game parasite im hooked,Positive,0.128
Mel End,,"Being a Mel End aint as easy as ya think. Wife. Mum. G.C.F.C ⚽️ U2 🤟 Tricks, Gibbo🐕 #freepalestine 🇵🇸",2009-04-14 13:43:13+00:00,372,936,2829,False,2021-10-06 11:57:17+00:00,Why is #SquidGame not available??? Just finished episode 4 and can't watch anymore. @netflix,Twitter for Android,False,squidgame available finished episode cant watch anymore,Neutral,0.0
holdmyjilabi,India,Being a therapist with a dark humour.,2021-06-21 19:11:40+00:00,34,143,4464,False,2021-10-06 11:57:02+00:00,"My parents finished #SquidGame in one sitting without realising, they loved it. It’s also their first time watching… https://t.co/d1NQ75JGmn",Twitter for iPhone,False,parent finished squidgame one sitting without realising loved also first time watching,Negative,-0.4847
Kathryn Fisk,"Melbourne, Victoria",News Editor for @whichcarau and @WheelsAustralia and blogging mum. All views are my own. https://t.co/ZwnWVrow82…,2009-03-29 19:28:42+00:00,854,765,271,False,2021-10-06 11:56:48+00:00,Anyone else watching #SquidGame on Netflix? It’s incredibly addictive. 👀,Twitter for iPhone,False,anyone else watching squidgame netflix incredibly addictive,Neutral,0.0
(dil)emma🏳️‍🌈,"Budapest, Magyarország",":):
i love nicki and kpop with a passion.
she/her
leo with sag rising",2018-07-20 08:16:10+00:00,212,223,6047,False,2021-10-06 11:56:26+00:00,squid game destroyed me so bad. #squidgame #Netflix,Twitter for Android,False,squid game destroyed bad squidgame netflix,Negative,-0.7717
Pam,Boston MA area,Young Adult Librarian with a love of all things geeky. She/Her,2008-06-26 21:05:49+00:00,1785,755,40929,False,2021-10-06 11:56:14+00:00,Watched all of #MidnightMass and #SquidGame this week - Midnight Mass was definitely more my thing,Twitter for iPhone,False,watched midnightmass squidgame week midnight mass definitely thing,Positive,0.4019
Suhinho,Sydney,,2013-09-04 03:13:51+00:00,14,201,13,False,2021-10-06 11:56:12+00:00,"Ali got his marbles back! #SquidGame #aliabdul #ali #sangwoo
https://t.co/9yFXkTVOS9 via @YouTube",Twitter Web App,False,ali got marble back squidgame aliabdul ali sangwoo via,Neutral,0.0
"crazy tail self, M.S.",,"ion do nun but play, so there’s that. 2x an alumna. #BlackLivesMatter | 1913 ❤️",2016-03-21 18:55:23+00:00,1679,801,64877,False,2021-10-06 11:56:12+00:00,&amp; Mr. Don’t Take Care of His Kid a conniving son of a bitch too. Wow! #SquidGame,Twitter for iPhone,False,amp mr dont take care kid conniving son bitch wow squidgame,Negative,-0.3875
🌊🌊Becca Ashley McGowan🌊 🌊 (They/Her),"Connecticut, USA",I teach. I draw. I think. I play 🎮🎶. #genderfluid #neurodivergent #married #bpd #equityandjusticeforall #Ravenclaw ⚠️NO DMS⚠,2019-06-18 19:57:49+00:00,3402,4815,8011,False,2021-10-06 11:55:47+00:00,"Really @hodakotb ? Your remarks on Today about betting its only ""men"" who watch #SquidGame and not ""women"" ?? Pleas… https://t.co/e7kDyK6YIs",Twitter for Android,False,really remark today betting men watch squidgame woman plea,Neutral,0.0
Paul Woodthorpe,United Kingdom,"If you don't follow me, you stupid!",2011-09-30 19:47:30+00:00,185,77,3114,False,2021-10-06 11:55:43+00:00,Serious question. What colour are the #SquidGame guard outfits?,Twitter for iPhone,False,serious question colour squidgame guard outfit,Negative,-0.0772
King David Tobi,"Lagos, Nigeria",💥 solo gospel artist from lagos invading 🌍 ✍️ Working on album no.5 ✍️ MGMT @ntpragency,2010-12-12 15:15:18+00:00,1289,1198,2451,False,2021-10-06 11:55:41+00:00,"Different Shows, Same Energy 🌈
#AliceInBorderland #SquidGame https://t.co/e5m3Dwztsu",Twitter for Android,False,different show energy aliceinborderland squidgame,Positive,0.2732
MyWallSt,Dublin/New York,Welcome to the home of successful investing. We help you to generate unrivalled long-term stock returns. Own your financial future #MyWallSt #OwnIt.,2013-04-24 21:33:33+00:00,8377,881,2629,False,2021-10-06 11:55:37+00:00,$NFLX shares soared 5.2% yesterday after investors poured into the stock after witnessing the success of #SquidGame… https://t.co/cAdcXWShJf,Twitter Web App,False,nflx share soared yesterday investor poured stock witnessing success squidgame,Positive,0.7096
circdusoleil,"Jakarta Selatan, DKI Jakarta",Jack of all trades and great at each 🃏,2019-12-15 09:07:55+00:00,8,85,151,False,2021-10-06 11:55:35+00:00,When you’re having a meeting and #googlemet approves #SquidGame 🦑🕹 #오징어게임 #viral #wfh #meeting https://t.co/0rlIdnnVwi,Twitter for iPhone,False,youre meeting googlemet approves squidgame viral wfh meeting,Positive,0.4019
Kels from up the street ❤️‍🔥,"Fort Worth, TX",PVAMU Alum : 1913 : 🌈 : GROWN yrs old,2012-11-26 19:11:09+00:00,2051,1955,33929,False,2021-10-06 11:55:25+00:00,I still haven’t finished #SquidGame,Twitter for iPhone,False,still havent finished squidgame,Neutral,0.0
Ramin Omrani,Italia,The greatest freedom is to be free of one's own mind.,2020-06-05 07:31:06+00:00,60,608,7435,False,2021-10-06 11:55:13+00:00,#squidgame reminds me of job interviews.,Twitter for Android,False,squidgame reminds job interview,Neutral,0.0
JustSomeGoth,"England, United Kingdom",23|Furry|Nonbinary|Goth.,2020-07-27 12:57:43+00:00,8,52,8,False,2021-10-06 11:55:03+00:00,"SQUIDGAME CHIBI YCH OPEN!
Unshaded - £20
Shaded - £35
Any species, Any changes, Any Number!
Will you survive?
Feat… https://t.co/e8ODi3HvLV",Twitter for iPhone,False,squidgame chibi ych open unshaded shaded specie change number survive feat,Positive,0.0772
iDiski Times,South Africa,"Your new home for everything SA football. Your game, your language! Official account for iDiski Times & iDiskiTV",2020-10-27 12:04:12+00:00,12915,610,1058,False,2021-10-06 11:55:00+00:00,"So Kaizer Chiefs and Orlando Pirates fans, who would win the #SquidGame Soweto derby? 🧐 https://t.co/CiTIOZ8Ny3",TweetDeck,False,kaizer chief orlando pirate fan would win squidgame soweto derby,Positive,0.7269
Fãs de Keanu Reeves,Brasil,Keanu Charles Reeves - Ator e Diretor  nascido no líbano,2014-05-03 21:01:27+00:00,4044,390,5570,False,2021-10-06 11:54:47+00:00,"This is '#SquidGame' would look if it starred #KeanuReeves, #BradPitt and #Zendaya https://t.co/IB0dUP7q2O",Twitter for Android,False,squidgame would look starred keanureeves bradpitt zendaya,Neutral,0.0
제로 ◡̈,heart is in 대한민국 서울,"@imzerooclock's ✨ | KOR ➡️ ENG | for translation works, dm here or reach me at zerotranslates@gmail.com | DON’T STEAL TRANSLATIONS, credits are ok.",2020-12-19 03:26:13+00:00,76,1,24,False,2021-10-06 11:54:42+00:00,"#SquidGame actress #JungHoyeon is less than 100k away from 15 million instagram followers! ◡̈

no one’s doing it l… https://t.co/R1Jg8WVU82",Twitter for iPhone,False,squidgame actress junghoyeon less k away million instagram follower one l,Neutral,0.0
monkey's cheek,,phew 🏃‍♀️,2021-10-04 15:48:58+00:00,0,0,235,False,2021-10-06 11:54:25+00:00,I ain't never prayed this hard for a mfs downfall #SquidGame https://t.co/5BQxTGOxSx,Twitter for Android,False,aint never prayed hard mf downfall squidgame,Negative,-0.0565
Vicky,"Wonderland, mad tea party","Quintessential Dreamer...
gorgeous shadowhunter header...@iconicnephilim",2009-05-08 19:49:17+00:00,60,215,2482,False,2021-10-06 11:54:20+00:00,Omg episode 6 of #SquidGame is heartbreaking 😭😭,Twitter for Android,False,omg episode squidgame heartbreaking,Negative,-0.4588
carib_gal1,,I'm aspired to be great in life. I will succeed no matter how hard or how long it takes me! I will continue to try until I win.,2021-09-04 11:09:59+00:00,0,9,1,False,2021-10-06 11:53:44+00:00,"Who saw squid games? What's y'all thoughts? And if you haven't seen it what are you waiting for?

#SquidGame… https://t.co/vWziOzPueO",Twitter for Android,False,saw squid game whats yall thought havent seen waiting squidgame,Neutral,0.0
Shehan Dilhara,Global,"#Bitcoin

Social Media Marketing Professional | IG Business Marketing Specialist | Cryptopreneur and Cryptocurrency Consultant | Investor | Founder @norwirch",2017-06-06 14:31:22+00:00,186,484,4376,False,2021-10-06 11:53:41+00:00,"You’ve got 30 minutes ⏳
Carve out the B for 1BTC or get eliminated.

#squidgame #Bitcoin https://t.co/QRbuAjAYlY",Twitter for iPhone,False,youve got minute carve b btc get eliminated squidgame bitcoin,Neutral,0.0
Ary 💕,Danmark,Hehehe,2018-09-29 06:17:27+00:00,1,51,346,False,2021-10-06 11:53:29+00:00,That subway salesman can slap me all he wants;) #SquidGame,Twitter for Android,False,subway salesman slap want squidgame,Positive,0.2263
제로 ◡̈,heart is in 대한민국 서울,"@imzerooclock's ✨ | KOR ➡️ ENG | for translation works, dm here or reach me at zerotranslates@gmail.com | DON’T STEAL TRANSLATIONS, credits are ok.",2020-12-19 03:26:13+00:00,76,1,24,False,2021-10-06 11:53:28+00:00,"#SquidGame actress #JungHoyeon is @LouisVuitton’s newest global house ambassador for fashion, watches, and jewelry.… https://t.co/gcNJ086mu6",Twitter for iPhone,False,squidgame actress junghoyeon newest global house ambassador fashion watch jewelry,Neutral,0.0
Peaches & Cream.,"Johannesburg, South Africa",Liberalist.,2016-08-05 08:01:40+00:00,122,201,1436,False,2021-10-06 11:53:28+00:00,#SquidGame ye survival of the fittest.,Twitter for iPhone,False,squidgame ye survival fittest,Neutral,0.0
MBBB,,"you're only gonna get what you give away, so give ❤",2009-03-31 12:06:44+00:00,312,132,13218,False,2021-10-06 11:53:09+00:00,If you watch #SquidGame watch it without the overdub. Trust me,Twitter for Android,False,watch squidgame watch without overdub trust,Negative,-0.4023
my titties sag 🖤,"ÜT: 40.830066,-73.832015",🙄🚺♐️🥃 Charming ☺️,2010-02-18 16:32:56+00:00,152,276,10490,False,2021-10-06 11:53:00+00:00,Of course the VIPs are American sounding whites Smdh #SquidGame,Twitter for iPhone,False,course vip american sounding white smdh squidgame,Positive,0.5106
Ian Jæmes 🔰,ENGLAND,One religion... One love... One united.. MUFC #Glazersout 🔰,2011-07-03 15:04:33+00:00,859,981,2956,False,2021-10-06 11:52:56+00:00,Anyone else think that the old guy (001) was the organiser for the whole thing? To many things pointed in that dire… https://t.co/1HRYorBQ33,Twitter for iPhone,False,anyone else think old guy organiser whole thing many thing pointed dire,Negative,-0.4588
fb or unf 💜🐙 Vanshi⁷ 🐯🐹🐰,She/Her 🇮🇳,"in love with @BTS_twt 💜💜 believe in BTS & ARMY KARMA 😌
Don't follow me if you aren't an ARMY. I only fb Armys. #SRKian",2011-05-22 10:05:01+00:00,8271,7608,290751,False,2021-10-06 11:52:51+00:00,"Wi Ha-joon is so good looking God dammit 😭😭

#SquidGame",Twitter for Android,False,wi hajoon good looking god dammit squidgame,Positive,0.6124
Deev,,"Co-Host on Zedcast, NFT’s, Crypto Barstool Athlete",2021-04-29 23:35:12+00:00,121,45,971,False,2021-10-06 11:52:46+00:00,This is great #SquidGame https://t.co/6UOoNx1IiM,Twitter for iPhone,False,great squidgame,Positive,0.6249
ev🪐,Your Basement,send moon pics,2019-06-17 10:14:41+00:00,1637,1282,18387,False,2021-10-06 11:52:44+00:00,"Squid Game season 2 should be about the Front Man and how he got there, the games in his time maybe and end at the… https://t.co/uh5XTwegtH",Twitter for Android,False,squid game season front man got game time maybe end,Neutral,0.0
SirDeluxe,CT,"What are some lucrative stocks?
Tedtalks, Eagles,
🚚📫",2010-04-18 00:04:44+00:00,649,1347,2606,False,2021-10-06 11:52:43+00:00,She really went from 4m followers to almost 15mil.  Go head #SquidGame flourish.,Twitter for Android,False,really went follower almost mil go head squidgame flourish,Neutral,0.0
RVCJ Movies,Mumbai,Official MOVIES Account of RVCJ MEDIA,2019-08-13 12:01:17+00:00,28974,226,16,False,2021-10-06 11:52:41+00:00,"Squid Game!
#squidgame #squidgamenetflix #series #tvseries #rvcjmovies https://t.co/okitGlR6RN",Twitter for iPhone,False,squid game squidgame squidgamenetflix series tvseries rvcjmovies,Neutral,0.0
Global Times Pakistan,,Global Times Pakistan is a Digital Media House which is determined to cover the World Power Dynamics and National Security Issues of Pakistan.,2020-11-05 07:11:15+00:00,564,35,270,False,2021-10-06 11:52:40+00:00,"#BreakingNews: Netflix to edit 'Squid Game' phone number after woman inundated with calls

#Netflix #SquidGame… https://t.co/V8FrQk208n",Twitter Web App,False,breakingnews netflix edit squid game phone number woman inundated call netflix squidgame,Positive,0.0772
Gareth W Morgan,The Vale of GazMorgan,"Welsh, mad about films, music, military aviation. Inked, mad, daft, funny. I have an ever increasing collection of bad mistakes and decisions 🏴󠁧󠁢󠁷󠁬󠁳󠁿✌🏻",2009-02-14 09:50:53+00:00,533,578,6119,False,2021-10-06 11:52:21+00:00,"The man behind the mask has just been revealed and holy shit, it’s….
😮😮😮😮😮😮😮😮😮😮😮😮
🤫🤫🤫🤫🤫🤫🤫🤫🤫🤫🤫🤫
Not going to say bec… https://t.co/6ZVtlrrmSm",Twitter for iPhone,False,man behind mask revealed holy shit going say bec,Negative,-0.5574
DogFarm Coin, United States,"DogFarmCoin—member of the DogFarm Ecosystem,hyper-deflationary buyback token with improved functions to make it more secure. 👉https://t.co/PfBx8RZxcs",2017-07-20 05:19:25+00:00,1973,95,160,False,2021-10-06 11:52:18+00:00,"#SquidGame  with @DogFarmCoin

#squidgamenetflix #ShibaSwap #shiba #shib #Crypto #CryptoGems #shibainucoin #DOGEX… https://t.co/Ehp3osbZ37",Twitter Web App,False,squidgame squidgamenetflix shibaswap shiba shib crypto cryptogems shibainucoin dogex,Neutral,0.0
the _ûndër-ratèd niggáh👊🏾,,"@ManUtd die hard❤️❤️💪🏿💪🏿


YOLO


J'ai besoin de quelqu'un qui peut m'aimer au pire🤗
Non, je ne suis pas parfait, mais j'espère que tu vois ma valeur🤞🏾",2019-09-06 19:24:57+00:00,581,1035,8922,False,2021-10-06 11:52:04+00:00,"The deaths of Ali and Sae-Byeok were really hurting 😩😩😩 #SquidGame
They never deserved to die ☠️☠️ https://t.co/ZMsqPqOmN7",Twitter for Android,False,death ali saebyeok really hurting squidgame never deserved die,Negative,-0.5785
FAEL,"Warszawa, Polska","I love fast cars, expensive bags and nude men",2021-10-04 16:57:38+00:00,5,145,56,False,2021-10-06 11:51:46+00:00,#nailedit while watching #SquidGame https://t.co/ubEcSTCZC8,Twitter for iPhone,False,nailedit watching squidgame,Neutral,0.0
"Slayer, but nice 🗡️💜👑",Sweden,Allie | Druid 🌿| D&D | Fae Queen | she/her | Ace 💜🖤| So.Much.Salt 🧂| https://t.co/p0I4tkNo5F | header @nyvinter,2010-07-31 16:36:16+00:00,1165,196,59891,False,2021-10-06 11:51:45+00:00,"#SquidGame episode 6 spoilers

as soon as they told them to split into pairs I knew where that was going",Twitter Web App,False,squidgame episode spoiler soon told split pair knew going,Neutral,0.0
Uncle Don,"Liverpool, England",Liverpool Ravens Grayson & Callum,2011-04-07 04:03:21+00:00,400,99,7575,False,2021-10-06 11:51:41+00:00,I know I’m late but #SquidGame 🤯,Twitter for iPhone,False,know im late squidgame,Neutral,0.0
Nikki Jacobs,Cape Town ,"All about #CapeTown, coffeeholic, chocoholic & hot pink panty addict!☺ MA English student. Learning never ends.",2009-03-04 07:23:47+00:00,684,893,12332,False,2021-10-06 11:51:05+00:00,"Episode 6 #SquidGame 😭 what you'll do to win.
@NetflixSA https://t.co/1EkJ7h18gh",Twitter for Android,False,episode squidgame youll win,Positive,0.5859
Suterusu Daioh,Scotland,"Comment writer of the bizzare, pc gamer and All around simple guy. What's not to love?",2012-07-12 23:47:26+00:00,17,123,466,False,2021-10-06 11:50:47+00:00,@VAMichaelaLaws Dark thought acknowledged... I will counter that with the fact that I've willingly avoided such sho… https://t.co/5uvCKhMV5v,Twitter for Android,False,dark thought acknowledged counter fact ive willingly avoided sho,Negative,-0.34
"Cameron Dillon-chan has Healthier Shame, I guess?","Huntsville, AL","🔞Pansexual/Relationship Anarchist/NonB Transfemme /27/ She/Her or They/Them Pronouns / Left Pomo Anarca-Gal, Ironymancer, and Divisive Social Justice Terrorist",2012-01-01 10:52:14+00:00,794,3935,55813,False,2021-10-06 11:50:35+00:00,My contribution to the #SquidGame thing: Virgin Hungry Games comparisons vs Chad Infinite Ryvius comparisons. Watch… https://t.co/LirGCJSybD,Twitter for Android,False,contribution squidgame thing virgin hungry game comparison v chad infinite ryvius comparison watch,Neutral,0.0
Monbebe Nation,Worldwide,"A fan organization for Monsta X and Wonho. Focusing on Western/U.S. media promotion, including radio airplay and public relations ⭐️ #MONBEBE #WENEE",2019-12-17 01:31:56+00:00,5687,748,31387,False,2021-10-06 11:50:22+00:00,"Joohoney pulled his Monsta X-Ray tracksuit out of storage😆

@OfficialMonstaX #MONSTAX
#몬스타엑스 #SquidGame https://t.co/5qMEaN0Rza",Twitter for iPhone,False,joohoney pulled monsta xray tracksuit storage monstax squidgame,Neutral,0.0
Chintan,India,,2017-07-28 11:24:42+00:00,591,431,206846,False,2021-10-06 11:50:09+00:00,"This guy is in #squidgame 👏🏻👏🏻 Definetly binge watching it, he acted very well in Train to busan https://t.co/4Cw0BeJtdc",Twitter for iPhone,False,guy squidgame definetly binge watching acted well train busan,Positive,0.2732
FiremanSamⓣ,,Cat Stuck in your tree? Gimme a call 👨🏼‍🚒 $Tel NFTs -,2019-01-19 16:32:36+00:00,537,586,3841,False,2021-10-06 11:49:50+00:00,"Mannn on the BLOKKKK.

#KoalasAreComing #HugLife #SquidGame https://t.co/bfHt5BY7t8",Twitter for iPhone,False,mannn blokkkk koalasarecoming huglife squidgame,Neutral,0.0
BluSmartIndia,,"The future of travel is smarter, safer, and greener. Our electric cars will take you wherever you want to go in Delhi/NCR. Book a ride https://t.co/9MqfYyDFpE",2019-01-04 11:37:34+00:00,1064,117,555,False,2021-10-06 11:49:40+00:00,"Give pollution a Red Light by giving emission-free BluSmart a Green Light! 🚦😉

#SquidGame #SquidGameMemes… https://t.co/XFEA1cF5vP",Twitter Web App,False,give pollution red light giving emissionfree blusmart green light squidgame squidgamememes,Positive,0.34
